<service>
	<id>peakunifyprinter.exe</id>
	<name>PeakUnifyPrinter</name>
	<description>Peak unify printer service</description>
	<executable>C:\Users\ADMIN\Desktop\all\projects\betmundial-job\betmundial-web\src\assets\img\casino\icons\windows-service.exe</executable>
	<argument>--harmony</argument>
	<argument>C:\snapshot\printer-service\node_modules\node-windows\lib\wrapper.js</argument>
	<argument>--file</argument>
	<argument>C:\Users\ADMIN\Desktop\all\projects\betmundial-job\betmundial-web\src\assets\img\casino\icons\service.js</argument>
	<argument>--scriptoptions=</argument>
	<argument>--log</argument>
	<argument>PeakUnifyPrinter wrapper</argument>
	<argument>--grow</argument>
	<argument>0.25</argument>
	<argument>--wait</argument>
	<argument>1</argument>
	<argument>--maxrestarts</argument>
	<argument>3</argument>
	<argument>--abortonerror</argument>
	<argument>n</argument>
	<argument>--stopparentfirst</argument>
	<argument>undefined</argument>
	<logmode>rotate</logmode>
	<stoptimeout>30sec</stoptimeout>
	<env name="NODE_ENV" value="production"/>
	<serviceaccount>
		<domain>DESKTOP-KLFM7E4</domain>
		<user>LocalSystem</user>
		<password></password>
	</serviceaccount>
	<workingdirectory>C:\Users\ADMIN\Desktop\all\projects\betmundial-job\betmundial-web\src\assets\img\casino\icons</workingdirectory>
</service>